CREATE DATABASE  IF NOT EXISTS `attendance` /*!40100 DEFAULT CHARACTER SET utf8 */;
USE `attendance`;
-- MySQL dump 10.13  Distrib 5.6.13, for Win32 (x86)
--
-- Host: localhost    Database: attendance
-- ------------------------------------------------------
-- Server version	5.6.17

/*!40101 SET @OLD_CHARACTER_SET_CLIENT=@@CHARACTER_SET_CLIENT */;
/*!40101 SET @OLD_CHARACTER_SET_RESULTS=@@CHARACTER_SET_RESULTS */;
/*!40101 SET @OLD_COLLATION_CONNECTION=@@COLLATION_CONNECTION */;
/*!40101 SET NAMES utf8 */;
/*!40103 SET @OLD_TIME_ZONE=@@TIME_ZONE */;
/*!40103 SET TIME_ZONE='+00:00' */;
/*!40014 SET @OLD_UNIQUE_CHECKS=@@UNIQUE_CHECKS, UNIQUE_CHECKS=0 */;
/*!40014 SET @OLD_FOREIGN_KEY_CHECKS=@@FOREIGN_KEY_CHECKS, FOREIGN_KEY_CHECKS=0 */;
/*!40101 SET @OLD_SQL_MODE=@@SQL_MODE, SQL_MODE='NO_AUTO_VALUE_ON_ZERO' */;
/*!40111 SET @OLD_SQL_NOTES=@@SQL_NOTES, SQL_NOTES=0 */;

--
-- Table structure for table `classinfo`
--

DROP TABLE IF EXISTS `classinfo`;
/*!40101 SET @saved_cs_client     = @@character_set_client */;
/*!40101 SET character_set_client = utf8 */;
CREATE TABLE `classinfo` (
  `ClassId` int(11) NOT NULL AUTO_INCREMENT,
  `LFirstName` varchar(255) DEFAULT NULL,
  `LLastName` varchar(255) DEFAULT NULL,
  `StaffNumber` varchar(255) DEFAULT NULL,
  `Semester` varchar(45) DEFAULT NULL,
  `TeachingYear` varchar(45) DEFAULT NULL,
  `BuildingNumber` varchar(45) DEFAULT NULL,
  `RoomNumber` varchar(45) DEFAULT NULL,
  `CourseCode` varchar(45) DEFAULT NULL,
  `CourseName` varchar(255) DEFAULT NULL,
  `ClassDate` date DEFAULT NULL,
  `StartTime` time DEFAULT NULL,
  `EndTime` time DEFAULT NULL,
  `StudentNumber` varchar(45) DEFAULT '0',
  `AttendanceNumber` varchar(45) DEFAULT '0',
  `IncompleteNumber` varchar(45) DEFAULT '0',
  `AbsentNumber` varchar(45) DEFAULT '0',
  PRIMARY KEY (`ClassId`),
  UNIQUE KEY `CourseTimeInfoId_UNIQUE` (`ClassId`)
) ENGINE=InnoDB AUTO_INCREMENT=84 DEFAULT CHARSET=utf8;
/*!40101 SET character_set_client = @saved_cs_client */;

--
-- Dumping data for table `classinfo`
--

LOCK TABLES `classinfo` WRITE;
/*!40000 ALTER TABLE `classinfo` DISABLE KEYS */;
INSERT INTO `classinfo` VALUES (65,'Ping','Li','8888888','Ⅰ','2013/2014','G31','Lab1','CPT113','Programming Methodology &amp; Data Structures','2013-12-02','08:00:00','10:00:00','7','3','2','2'),(66,'Ping','Li','8888888','Ⅰ','2013/2014','G31','DKG31','CPT113','Programming Methodology &amp; Data Structures','2014-04-07','11:00:00','11:50:00','7','1','4','2'),(67,'Ping','Li','8888888','Ⅰ','2013/2014','G31','DKG31','CPT113','Programming Methodology &amp; Data Structures','2014-04-14','11:00:00','11:50:00','7','5','0','2'),(68,'Wong','Hai','987654','Ⅱ','2014/2015','G31','AV Room','CAT200','Integrated Software Development Workshop','2014-03-10','10:00:00','11:00:00','0','0','0','0'),(69,'Wong','Hai','987654','Ⅱ','2014/2015','G31','AV Room','CAT200','Integrated Software Development Workshop','2014-03-17','10:00:00','11:00:00','0','0','0','0'),(70,'Wong','Hai','987654','Ⅱ','2014/2015','G31','AV Room','CAT200','Integrated Software Development Workshop','2014-03-24','10:00:00','11:00:00','0','0','0','0'),(71,'Wong','Hai','987654','Ⅱ','2014/2015','G31','AV Room','CAT200','Integrated Software Development Workshop','2014-03-31','10:00:00','11:00:00','0','0','0','0'),(72,'Wong','Hai','987654','Ⅱ','2014/2015','G31','AV Room','CAT200','Integrated Software Development Workshop','2014-04-07','10:00:00','11:00:00','0','0','0','0'),(73,'Wong','Hai','987654','Ⅱ','2014/2015','G31','AV Room','CAT200','Integrated Software Development Workshop','2014-04-14','10:00:00','11:00:00','0','0','0','0'),(74,'Wong','Hai','987654','Ⅱ','2014/2015','G31','AV Room','CAT200','Integrated Software Development Workshop','2014-04-21','10:00:00','11:00:00','0','0','0','0'),(75,'Wong','Hai','987654','Ⅱ','2014/2015','G31','AV Room','CAT200','Integrated Software Development Workshop','2014-04-28','10:00:00','11:00:00','0','0','0','0'),(76,'Wong','Hai','987654','Ⅱ','2014/2015','G31','AV Room','CAT200','Integrated Software Development Workshop','2014-05-05','10:00:00','11:00:00','0','0','0','0'),(77,'Wong','Hai','987654','Ⅱ','2014/2015','G31','AV Room','CAT200','Integrated Software Development Workshop','2014-05-12','10:00:00','11:00:00','0','0','0','0'),(78,'Wong','Hai','987654','Ⅱ','2014/2015','G31','AV Room','CAT200','Integrated Software Development Workshop','2014-05-19','10:00:00','11:00:00','0','0','0','0'),(79,'Wong','Hai','987654','Ⅱ','2014/2015','G31','AV Room','CAT200','Integrated Software Development Workshop','2014-05-26','10:00:00','11:00:00','0','0','0','0'),(80,'Wong','Khang','5555555','Ⅰ','2014/2015','G31','AV Room','CST131','Computer Organisation','2014-05-05','08:00:00','09:00:00','0','0','0','0'),(81,'Wong','Khang','5555555','Ⅰ','2014/2015','G31','AV Room','CST131','Computer Organisation','2014-05-12','08:00:00','09:00:00','0','0','0','0'),(82,'Wong','Khang','5555555','Ⅰ','2014/2015','G31','AV Room','CST131','Computer Organisation','2014-05-19','08:00:00','09:00:00','0','0','0','0'),(83,'Wong','Khang','5555555','Ⅰ','2014/2015','G31','AV Room','CST131','Computer Organisation','2014-05-26','08:00:00','09:00:00','0','0','0','0');
/*!40000 ALTER TABLE `classinfo` ENABLE KEYS */;
UNLOCK TABLES;

--
-- Table structure for table `course`
--

DROP TABLE IF EXISTS `course`;
/*!40101 SET @saved_cs_client     = @@character_set_client */;
/*!40101 SET character_set_client = utf8 */;
CREATE TABLE `course` (
  `CourseId` int(255) NOT NULL AUTO_INCREMENT,
  `CourseCode` varchar(45) DEFAULT NULL,
  `CourseName` varchar(255) DEFAULT NULL,
  `SchoolName` varchar(255) DEFAULT NULL,
  PRIMARY KEY (`CourseId`)
) ENGINE=InnoDB AUTO_INCREMENT=50 DEFAULT CHARSET=utf8;
/*!40101 SET character_set_client = @saved_cs_client */;

--
-- Dumping data for table `course`
--

LOCK TABLES `course` WRITE;
/*!40000 ALTER TABLE `course` DISABLE KEYS */;
INSERT INTO `course` VALUES (1,'CPT111','Principles of programming','Computer Science'),(2,'CPT112','Discrete Structures','Computer Science'),(3,'CPT113','Programming Methodology & Data Structures','Computer Science'),(4,'CPT114','Logic & Applications','Computer Science'),(5,'CPT115','Mathematical Methods for Computer Science','Computer Science'),(6,'CST131','Computer Organisation','Computer Science'),(7,'CAT200','Integrated Software Development Workshop','Computer Science'),(8,'CMT221','Database Organisations & Design','Computer Science'),(9,'CMT222','Systems Analysis & Design','Computer Science'),(10,'CMT223','Information Systems Theory & Management','Computer Science'),(11,'CMT224','Multimedia Systems','Computer Science'),(12,'CPT211','Programming Language Concepts & Paradigms','Computer Science'),(13,'CPT212','Design & Analysis Of Algorithms','Computer Science'),(14,'CPT243','Software Requirements Analysis & Modelling','Computer Science'),(15,'CPT244','Artificial Intelligence','Computer Science'),(16,'CST231','Data Communications & Networks','Computer Science'),(17,'CST232','Operating Systems','Computer Science'),(18,'CST233','Information Security & Assurance','Computer Science'),(19,'CST234','Network Programming','Computer Science'),(20,'CAT300','Group Innovation Project','Computer Science'),(21,'CAT301','Research Methods & Special Topic Study','Computer Science'),(22,'CAT302','Industrial Training','Computer Science'),(23,'CAT303','Undergraduate Research Training','Computer Science'),(24,'CMT321','Management & Engineering of Databases','Computer Science'),(25,'CMT322','Web Engineering & Technologies','Computer Science'),(26,'CMT324','Computer Graphics & Visual Computing','Computer Science'),(27,'CPT341','Software Design & Architecture','Computer Science'),(28,'CPT342','Knowledge Management & Engineering','Computer Science'),(29,'CPT343','Software Project Management, Process & Evolution','Computer Science'),(30,'CPT344','Computer Vision & Image Processing','Computer Science'),(31,'CPT346','Natural Language Processing','Computer Science'),(32,'CST331','Principles of Parallel & Distributed Programming','Computer Science'),(33,'CST332','Internet Protocols, Architecture & Routing','Computer Science'),(34,'CST333','Distributed & Grid Computing','Computer Science'),(35,'CST334','Network Monitoring & Security','Computer Science'),(36,'CAT400','Undergraduate Major Project','Computer Science'),(37,'CAT401','Undergraduate Research Project','Computer Science'),(38,'CAT402','Professional & Technopreneurship Development','Computer Science'),(39,'CMT421','E-Business Strategy, Architecture & Design','Computer Science'),(40,'CMT422','Multimedia Information Systems & Management','Computer Science'),(41,'CMT423','Decision Support Systems & Business Intelligence','Computer Science'),(42,'CMT424','Animation & Virtual Reality','Computer Science'),(43,'CPT441','Software Quality Assurance & Testing','Computer Science'),(44,'CPT443','Automata Theory & Formal Languages','Computer Science'),(45,'CPT444','Intelligent Health Informatics','Computer Science'),(46,'CST431','Systems Security & Protection','Computer Science'),(47,'CST432','Microprocessors & Embedded Systems','Computer Science'),(48,'CST433','Advanced Computer Architecture','Computer Science'),(49,'CST434','Wireless & Ad Hoc Networks','Computer Science');
/*!40000 ALTER TABLE `course` ENABLE KEYS */;
UNLOCK TABLES;

--
-- Table structure for table `movement`
--

DROP TABLE IF EXISTS `movement`;
/*!40101 SET @saved_cs_client     = @@character_set_client */;
/*!40101 SET character_set_client = utf8 */;
CREATE TABLE `movement` (
  `MovementId` int(255) NOT NULL AUTO_INCREMENT,
  `StudentId` int(255) DEFAULT NULL,
  `EPC` int(255) DEFAULT NULL,
  `ClassId` int(255) DEFAULT NULL,
  `MovementStatus` varchar(45) DEFAULT NULL,
  `MovementDate` date DEFAULT NULL,
  `TimeRecord` time DEFAULT NULL,
  PRIMARY KEY (`MovementId`)
) ENGINE=InnoDB AUTO_INCREMENT=20412 DEFAULT CHARSET=utf8;
/*!40101 SET character_set_client = @saved_cs_client */;

--
-- Dumping data for table `movement`
--

LOCK TABLES `movement` WRITE;
/*!40000 ALTER TABLE `movement` DISABLE KEYS */;
INSERT INTO `movement` VALUES (20328,1676,101010208,65,'In','2014-05-15','08:03:19'),(20329,1679,101010211,65,'In','2014-05-15','08:03:24'),(20330,1678,101010210,65,'In','2014-05-15','08:03:28'),(20332,1683,101010206,65,'In','2014-05-15','08:06:54'),(20333,1676,101010208,65,'Out','2014-05-15','08:55:19'),(20335,1678,101010210,65,'Out','2014-05-15','08:55:29'),(20336,1679,101010211,65,'Out','2014-05-15','08:55:33'),(20337,1683,101010206,65,'Out','2014-05-15','08:55:35'),(20338,1683,101010206,65,'In','2014-05-15','08:55:42'),(20339,1679,101010211,65,'In','2014-05-15','08:55:45'),(20340,1678,101010210,65,'In','2014-05-15','08:55:47'),(20342,1676,101010208,65,'In','2014-05-15','08:55:58'),(20343,1676,101010208,65,'Out','2014-05-15','09:09:13'),(20345,1679,101010211,65,'Out','2014-05-15','09:09:34'),(20346,1678,101010210,65,'Out','2014-05-15','09:09:36'),(20347,1683,101010206,65,'Out','2014-05-15','09:09:43'),(20348,1683,101010206,65,'In','2014-05-15','09:09:47'),(20349,1678,101010210,65,'In','2014-05-15','09:09:50'),(20350,1679,101010211,65,'In','2014-05-15','09:09:53'),(20351,1679,101010211,65,'Out','2014-05-15','10:05:02'),(20352,1683,101010206,65,'Out','2014-05-15','10:05:04'),(20353,1678,101010210,65,'Out','2014-05-15','10:05:07'),(20354,1884,101010207,65,'In','2014-05-15','08:08:02'),(20355,1884,101010207,65,'Out','2014-05-15','08:18:14'),(20356,1884,101010207,65,'In','2014-05-15','08:18:19'),(20357,1884,101010207,65,'Out','2014-05-15','08:18:21'),(20358,1884,101010207,65,'In','2014-05-15','09:18:28'),(20359,1884,101010207,65,'Out','2014-05-15','10:06:35'),(20360,1683,101010206,65,'In','2014-05-16','08:33:41'),(20361,1683,101010206,65,'Out','2014-05-16','08:33:49'),(20362,1683,101010206,65,'In','2014-05-16','08:33:54'),(20363,1683,101010206,65,'Out','2014-05-16','08:34:03'),(20364,1683,101010206,65,'In','2014-05-16','08:44:53'),(20365,1683,101010206,65,'Out','2014-05-16','08:44:55'),(20366,1679,101010211,65,'In','2014-05-16','08:50:30'),(20367,1679,101010211,65,'Out','2014-05-16','08:50:32'),(20368,1678,101010210,67,'In','2014-05-19','11:03:24'),(20369,1884,101010207,67,'In','2014-05-19','11:03:28'),(20370,1680,101010212,67,'In','2014-05-19','11:03:33'),(20371,1679,101010211,67,'In','2014-05-19','11:03:38'),(20372,1683,101010206,67,'In','2014-05-19','11:03:40'),(20373,1683,101010206,67,'Out','2014-05-19','11:21:06'),(20374,1679,101010211,67,'Out','2014-05-19','11:21:10'),(20375,1678,101010210,67,'Out','2014-05-19','11:21:15'),(20376,1884,101010207,67,'Out','2014-05-19','11:21:17'),(20377,1680,101010212,67,'Out','2014-05-19','11:21:19'),(20378,1680,101010212,67,'In','2014-05-19','11:21:22'),(20379,1884,101010207,67,'In','2014-05-19','11:21:24'),(20380,1678,101010210,67,'In','2014-05-19','11:21:27'),(20381,1679,101010211,67,'In','2014-05-19','11:21:29'),(20382,1683,101010206,67,'In','2014-05-19','11:21:32'),(20383,1683,101010206,67,'Out','2014-05-19','11:55:46'),(20384,1679,101010211,67,'Out','2014-05-19','11:55:59'),(20385,1678,101010210,67,'Out','2014-05-19','11:56:01'),(20386,1884,101010207,67,'Out','2014-05-19','11:56:04'),(20387,1680,101010212,67,'Out','2014-05-19','11:56:06'),(20388,1683,101010206,66,'In','2014-04-07','11:05:47'),(20389,1680,101010212,66,'In','2014-04-07','11:05:54'),(20390,1884,101010207,66,'In','2014-04-07','11:05:57'),(20391,1678,101010210,66,'In','2014-04-07','11:05:59'),(20392,1679,101010211,66,'In','2014-04-07','11:06:02'),(20393,1683,101010206,66,'Out','2014-04-07','11:16:54'),(20394,1679,101010211,66,'Out','2014-04-07','11:16:57'),(20395,1678,101010210,66,'Out','2014-04-07','11:17:01'),(20396,1884,101010207,66,'Out','2014-04-07','11:17:03'),(20397,1680,101010212,66,'Out','2014-04-07','11:17:06'),(20398,1680,101010212,66,'In','2014-04-07','11:17:10'),(20399,1679,101010211,66,'In','2014-04-07','11:17:13'),(20400,1884,101010207,66,'In','2014-04-07','11:17:15'),(20401,1678,101010210,66,'In','2014-04-07','11:17:18'),(20402,1678,101010210,66,'Out','2014-04-07','11:55:52'),(20403,1884,101010207,66,'Out','2014-04-07','11:55:55'),(20404,1679,101010211,66,'Out','2014-04-07','11:55:57'),(20405,1680,101010212,66,'Out','2014-04-07','11:56:01'),(20406,1679,101010211,66,'In','2014-04-22','11:22:33'),(20407,1680,101010212,66,'In','2014-05-22','11:25:06'),(20408,1678,101010210,66,'In','2014-05-22','11:25:10'),(20409,1679,101010211,66,'Out','2014-05-22','11:25:13'),(20410,1884,101010207,66,'In','2014-05-22','11:25:21'),(20411,1683,101010206,66,'In','2014-05-22','11:25:41');
/*!40000 ALTER TABLE `movement` ENABLE KEYS */;
UNLOCK TABLES;

--
-- Table structure for table `registerinformation`
--

DROP TABLE IF EXISTS `registerinformation`;
/*!40101 SET @saved_cs_client     = @@character_set_client */;
/*!40101 SET character_set_client = utf8 */;
CREATE TABLE `registerinformation` (
  `RIId` int(255) NOT NULL AUTO_INCREMENT,
  `StudentId` int(255) DEFAULT NULL,
  `CourseId` int(255) DEFAULT NULL,
  `TeachingYear` varchar(45) DEFAULT NULL,
  `Semester` varchar(45) DEFAULT NULL,
  `RegisterTime` timestamp NULL DEFAULT NULL,
  PRIMARY KEY (`RIId`),
  KEY `StudentId_idx` (`StudentId`),
  KEY `CourseId_idx` (`CourseId`)
) ENGINE=InnoDB AUTO_INCREMENT=2992 DEFAULT CHARSET=utf8;
/*!40101 SET character_set_client = @saved_cs_client */;

--
-- Dumping data for table `registerinformation`
--

LOCK TABLES `registerinformation` WRITE;
/*!40000 ALTER TABLE `registerinformation` DISABLE KEYS */;
INSERT INTO `registerinformation` VALUES (2644,1676,3,'2013/2014','Ⅰ','2014-05-15 03:20:57'),(2645,1678,3,'2013/2014','Ⅰ','2014-05-15 03:21:56'),(2646,1679,3,'2013/2014','Ⅰ','2014-05-15 03:22:13'),(2647,1680,3,'2013/2014','Ⅰ','2014-05-15 03:22:23'),(2648,1683,3,'2013/2014','Ⅰ','2014-05-15 03:22:32'),(2649,1884,3,'2013/2014','Ⅰ','2014-05-15 03:42:03'),(2650,1885,3,'2013/2014','Ⅰ','2014-05-16 02:45:51'),(2991,1678,7,'2014/2015','Ⅱ','2014-05-18 19:34:18');
/*!40000 ALTER TABLE `registerinformation` ENABLE KEYS */;
UNLOCK TABLES;

--
-- Table structure for table `staff`
--

DROP TABLE IF EXISTS `staff`;
/*!40101 SET @saved_cs_client     = @@character_set_client */;
/*!40101 SET character_set_client = utf8 */;
CREATE TABLE `staff` (
  `StaffId` int(255) NOT NULL AUTO_INCREMENT,
  `LastName` varchar(255) DEFAULT NULL,
  `FirstName` varchar(255) DEFAULT NULL,
  `StaffNumber` varchar(255) DEFAULT NULL,
  `EmailAddress` varchar(255) DEFAULT NULL,
  `Birthday` date DEFAULT NULL,
  `Gender` varchar(45) DEFAULT NULL,
  `SchoolName` varchar(255) DEFAULT NULL,
  `EPC` int(255) DEFAULT NULL,
  PRIMARY KEY (`StaffId`)
) ENGINE=InnoDB AUTO_INCREMENT=20020 DEFAULT CHARSET=utf8;
/*!40101 SET character_set_client = @saved_cs_client */;

--
-- Dumping data for table `staff`
--

LOCK TABLES `staff` WRITE;
/*!40000 ALTER TABLE `staff` DISABLE KEYS */;
INSERT INTO `staff` VALUES (20017,'Li','Ping','8888888','zhimeng1991@hotmail.com','1980-02-05','Male','Computer Science',501010206),(20018,'Meng','Zhi','109578','zhimeng1991@hotmail.com','1991-01-22','Male','Computer Science',501010207),(20019,'Khang','Wong','5555555','wongkhang@gmai.com','1980-02-05','Male','Computer Science',501010208);
/*!40000 ALTER TABLE `staff` ENABLE KEYS */;
UNLOCK TABLES;

--
-- Table structure for table `staffregisterinformation`
--

DROP TABLE IF EXISTS `staffregisterinformation`;
/*!40101 SET @saved_cs_client     = @@character_set_client */;
/*!40101 SET character_set_client = utf8 */;
CREATE TABLE `staffregisterinformation` (
  `SRId` int(255) NOT NULL AUTO_INCREMENT,
  `StaffId` int(255) DEFAULT NULL,
  `CourseId` int(255) DEFAULT NULL,
  `TeachingYear` varchar(45) DEFAULT NULL,
  `Semester` varchar(45) DEFAULT NULL,
  `RegisterTime` timestamp NULL DEFAULT NULL,
  PRIMARY KEY (`SRId`),
  KEY `StaffId_idx` (`StaffId`),
  KEY `CourseId_idx` (`CourseId`)
) ENGINE=InnoDB AUTO_INCREMENT=47 DEFAULT CHARSET=utf8;
/*!40101 SET character_set_client = @saved_cs_client */;

--
-- Dumping data for table `staffregisterinformation`
--

LOCK TABLES `staffregisterinformation` WRITE;
/*!40000 ALTER TABLE `staffregisterinformation` DISABLE KEYS */;
INSERT INTO `staffregisterinformation` VALUES (43,20017,3,'2013/2014','Ⅰ','2014-05-15 03:17:54'),(46,20019,6,'2014/2015','Ⅰ','2014-05-22 03:11:32');
/*!40000 ALTER TABLE `staffregisterinformation` ENABLE KEYS */;
UNLOCK TABLES;

--
-- Table structure for table `student`
--

DROP TABLE IF EXISTS `student`;
/*!40101 SET @saved_cs_client     = @@character_set_client */;
/*!40101 SET character_set_client = utf8 */;
CREATE TABLE `student` (
  `StudentId` int(255) NOT NULL AUTO_INCREMENT,
  `FirstName` varchar(255) DEFAULT NULL,
  `LastName` varchar(255) DEFAULT NULL,
  `MatricNumber` varchar(255) DEFAULT NULL,
  `EmailAddress` varchar(255) DEFAULT NULL,
  `Birthday` date DEFAULT NULL,
  `Gender` varchar(45) DEFAULT NULL,
  `YearOfStudy` varchar(45) DEFAULT NULL,
  `SchoolName` varchar(255) DEFAULT NULL,
  `EPC` int(255) DEFAULT NULL,
  `CardID` varchar(45) DEFAULT NULL,
  PRIMARY KEY (`StudentId`)
) ENGINE=InnoDB AUTO_INCREMENT=2086 DEFAULT CHARSET=utf8;
/*!40101 SET character_set_client = @saved_cs_client */;

--
-- Dumping data for table `student`
--

LOCK TABLES `student` WRITE;
/*!40000 ALTER TABLE `student` DISABLE KEYS */;
INSERT INTO `student` VALUES (1676,'Wilson','Lee','109579','wilsonlee@gmail.com','1991-03-06','Male','Second Year','Computer Science',101010208,'8dd39d44'),(1678,'Harris','Tong','109581','harristong@gmail.com','1991-03-28','Female','Second Year','Computer Science',101010210,'f5321bd3'),(1679,'Hall','Tang','109582','halltang@gmail.com','1991-07-24','Male','Second Year','Computer Science',101010211,'752b03d3'),(1680,'Roberts','Wong','109583','robertswong@gmail.com','1991-08-29','Male','Second Year','Computer Science',101010212,'75e206d3'),(1683,'Tom','Lee','109999','503763316@qq.com','1989-06-14','Male','Third Year','Computer Science',101010206,'75b4fad2'),(1884,'Yan','Shen','107594','yanshen@gmail.com','2014-05-19','Male','First Year','Computer Science',101010207,'44d41302'),(1885,'Wun','Khang','567890','wunkhang@gmail.com','1990-02-13','Male','First Year','Computer Science',101010213,'44d41302'),(1886,'Sanders','Logan','100001','LoganSanders@gmail.com','1990-12-31','Male','Second Year','Computer Science',1010101,NULL),(1887,'Ward','Jack','100002','JackWard@gmail.com','1991-01-18','Male','Second Year','Computer Science',1010102,NULL),(1888,'Anderson','Isaac','100003','IsaacAnderson@gmail.com','1990-03-10','Female','Second Year','Computer Science',1010103,NULL),(1889,'Bell','Sophia','100004','SophiaBell@gmail.com','1990-12-01','Male','Second Year','Computer Science',1010104,NULL),(1890,'Brooks','Natalie','100005','NatalieBrooks@gmail.com','1989-10-22','Female','Second Year','Computer Science',1010105,NULL),(1891,'Ross','Isabelle','100006','IsabelleRoss@gmail.com','1989-07-16','Female','First Year','Computer Science',1010106,NULL),(1892,'Stewart','Bryson','100007','BrysonStewart@gmail.com','1989-01-23','Female','First Year','Computer Science',1010107,NULL),(1893,'Stewart','Henry','100008','HenryStewart@gmail.com','1990-04-18','Female','First Year','Computer Science',1010108,NULL),(1894,'Gray','Zachary','100009','ZacharyGray@gmail.com','1989-10-21','Female','First Year','Computer Science',1010109,NULL),(1895,'Allen','Sarah','100010','SarahAllen@gmail.com','1990-12-26','Male','First Year','Computer Science',10101010,NULL),(1896,'Cook','Charlie','100011','CharlieCook@gmail.com','1991-11-30','Male','First Year','Computer Science',10101011,NULL),(1897,'Richardson','Tyler','100012','TylerRichardson@gmail.com','1989-03-28','Female','First Year','Computer Science',10101012,NULL),(1898,'Taylor','Bailey','100013','BaileyTaylor@gmail.com','1989-11-08','Female','First Year','Computer Science',10101013,NULL),(1899,'Edwards','Sophie','100014','SophieEdwards@gmail.com','1991-11-07','Male','First Year','Computer Science',10101014,NULL),(1900,'James','Sophia','100015','SophiaJames@gmail.com','1991-06-04','Male','First Year','Computer Science',10101015,NULL),(1901,'Ramirez','Alexandra','100016','AlexandraRamirez@gmail.com','1989-01-04','Female','First Year','Computer Science',10101016,NULL),(1902,'Henderson','Leah','100017','LeahHenderson@gmail.com','1991-10-28','Male','First Year','Computer Science',10101017,NULL),(1903,'Powell','Aria','100018','AriaPowell@gmail.com','1990-01-21','Female','First Year','Computer Science',10101018,NULL),(1904,'Gray','Olivia','100019','OliviaGray@gmail.com','1989-08-22','Female','First Year','Computer Science',10101019,NULL),(1905,'Long','Ryan','100020','RyanLong@gmail.com','1989-05-28','Female','First Year','Computer Science',10101020,NULL),(1906,'Hughes','Penelope','100021','PenelopeHughes@gmail.com','1990-09-16','Male','First Year','Computer Science',10101021,NULL),(1907,'Sanders','Adam','100022','AdamSanders@gmail.com','1990-03-04','Female','First Year','Computer Science',10101022,NULL),(1908,'Morris','Lauren','100023','LaurenMorris@gmail.com','1989-07-26','Female','First Year','Computer Science',10101023,NULL),(1909,'Cook','Nicholas','100024','NicholasCook@gmail.com','1989-07-11','Female','First Year','Computer Science',10101024,NULL),(1910,'Adams','Evelyn','100025','EvelynAdams@gmail.com','1989-09-25','Female','First Year','Computer Science',10101025,NULL),(1911,'Hernandez','David','100026','DavidHernandez@gmail.com','1989-01-22','Female','First Year','Computer Science',10101026,NULL),(1912,'Lewis','Isabella','100027','IsabellaLewis@gmail.com','1990-08-24','Male','First Year','Computer Science',10101027,NULL),(1913,'Long','Max','100028','MaxLong@gmail.com','1990-11-29','Male','First Year','Computer Science',10101028,NULL),(1914,'Watson','Cole','100029','ColeWatson@gmail.com','1989-11-19','Female','First Year','Computer Science',10101029,NULL),(1915,'Lopez','William','100030','WilliamLopez@gmail.com','1991-05-04','Male','First Year','Computer Science',10101030,NULL),(1916,'Long','Chloe','100031','ChloeLong@gmail.com','1991-11-10','Male','First Year','Computer Science',10101031,NULL),(1917,'Foster','Asher','100032','AsherFoster@gmail.com','1991-10-16','Male','First Year','Computer Science',10101032,NULL),(1918,'Martin','Arianna','100033','AriannaMartin@gmail.com','1989-04-04','Female','First Year','Computer Science',10101033,NULL),(1919,'Kelly','Isaac','100034','IsaacKelly@gmail.com','1991-03-26','Male','First Year','Computer Science',10101034,NULL),(1920,'Kelly','Claire','100035','ClaireKelly@gmail.com','1989-06-01','Female','First Year','Computer Science',10101035,NULL),(1921,'Ward','Kate','100036','KateWard@gmail.com','1991-07-08','Male','First Year','Computer Science',10101036,NULL),(1922,'Taylor','Charlotte','100037','CharlotteTaylor@gmail.com','1989-06-13','Female','First Year','Computer Science',10101037,NULL),(1923,'Jenkins','Zachary','100038','ZacharyJenkins@gmail.com','1989-01-15','Female','First Year','Computer Science',10101038,NULL),(1924,'Hughes','Audrey','100039','AudreyHughes@gmail.com','1990-09-29','Male','First Year','Computer Science',10101039,NULL),(1925,'Jones','Bryce','100040','BryceJones@gmail.com','1990-12-31','Male','First Year','Computer Science',10101040,NULL),(1926,'Young','Joshua','100041','JoshuaYoung@gmail.com','1990-06-02','Female','First Year','Computer Science',10101041,NULL),(1927,'Sanders','Jack','100042','JackSanders@gmail.com','1990-07-25','Male','First Year','Computer Science',10101042,NULL),(1928,'Thomas','Hadley','100043','HadleyThomas@gmail.com','1991-11-06','Male','First Year','Computer Science',10101043,NULL),(1929,'Richardson','Jack','100044','JackRichardson@gmail.com','1990-11-04','Male','First Year','Computer Science',10101044,NULL),(1930,'Sanders','Nicholas','100045','NicholasSanders@gmail.com','1989-09-01','Female','First Year','Computer Science',10101045,NULL),(1931,'James','Riley','100046','RileyJames@gmail.com','1991-08-14','Male','First Year','Computer Science',10101046,NULL),(1932,'Simmons','Parker','100047','ParkerSimmons@gmail.com','1989-04-03','Female','First Year','Computer Science',10101047,NULL),(1933,'Murphy','Liam','100048','LiamMurphy@gmail.com','1991-04-18','Male','First Year','Computer Science',10101048,NULL),(1934,'Butler','Daniel','100049','DanielButler@gmail.com','1991-02-03','Male','First Year','Computer Science',10101049,NULL),(1935,'Powell','Andrew','100050','AndrewPowell@gmail.com','1991-02-01','Male','First Year','Computer Science',10101050,NULL),(1936,'Parker','Caleb','100051','CalebParker@gmail.com','1990-05-13','Female','First Year','Computer Science',10101051,NULL),(1937,'Price','Dylan','100052','DylanPrice@gmail.com','1989-02-14','Female','First Year','Computer Science',10101052,NULL),(1938,'Sanchez','Julian','100053','JulianSanchez@gmail.com','1990-02-20','Female','First Year','Computer Science',10101053,NULL),(1939,'Thompson','Christopher','100054','ChristopherThompson@gmail.com','1991-05-12','Male','First Year','Computer Science',10101054,NULL),(1940,'Turner','Isabelle','100055','IsabelleTurner@gmail.com','1989-03-02','Female','First Year','Computer Science',10101055,NULL),(1941,'Howard','Sadie','100056','SadieHoward@gmail.com','1989-10-29','Female','First Year','Computer Science',10101056,NULL),(1942,'Lopez','Aaron','100057','AaronLopez@gmail.com','1990-06-26','Female','First Year','Computer Science',10101057,NULL),(1943,'Flores','Mason','100058','MasonFlores@gmail.com','1989-08-31','Female','First Year','Computer Science',10101058,NULL),(1944,'Wright','Brayden','100059','BraydenWright@gmail.com','1990-03-09','Female','First Year','Computer Science',10101059,NULL),(1945,'Edwards','Oliver','100060','OliverEdwards@gmail.com','1989-10-01','Female','First Year','Computer Science',10101060,NULL),(1946,'Lee','Gabriel','100061','GabrielLee@gmail.com','1990-11-23','Male','First Year','Computer Science',10101061,NULL),(1947,'Ross','Nora','100062','NoraRoss@gmail.com','1990-02-24','Female','First Year','Computer Science',10101062,NULL),(1948,'Adams','Nora','100063','NoraAdams@gmail.com','1989-05-31','Female','First Year','Computer Science',10101063,NULL),(1949,'Carter','Allison','100064','AllisonCarter@gmail.com','1990-06-19','Female','First Year','Computer Science',10101064,NULL),(1950,'Kelly','Nathaniel','100065','NathanielKelly@gmail.com','1991-02-15','Male','First Year','Computer Science',10101065,NULL),(1951,'Moore','Claire','100066','ClaireMoore@gmail.com','1989-02-14','Female','First Year','Computer Science',10101066,NULL),(1952,'Bailey','Micah','100067','MicahBailey@gmail.com','1991-12-24','Male','First Year','Computer Science',10101067,NULL),(1953,'Powell','Olivia','100068','OliviaPowell@gmail.com','1990-08-16','Male','First Year','Computer Science',10101068,NULL),(1954,'Wilson','Chloe','100069','ChloeWilson@gmail.com','1991-06-08','Male','First Year','Computer Science',10101069,NULL),(1955,'Torres','Sebastian','100070','SebastianTorres@gmail.com','1991-11-27','Male','First Year','Computer Science',10101070,NULL),(1956,'Lewis','Colin','100071','ColinLewis@gmail.com','1991-07-25','Male','First Year','Computer Science',10101071,NULL),(1957,'Coleman','William','100072','WilliamColeman@gmail.com','1991-10-14','Male','First Year','Computer Science',10101072,NULL),(1958,'Scott','Jacob','100073','JacobScott@gmail.com','1991-04-24','Male','First Year','Computer Science',10101073,NULL),(1959,'Anderson','Landon','100074','LandonAnderson@gmail.com','1990-08-23','Male','First Year','Computer Science',10101074,NULL),(1960,'Lopez','Layla','100075','LaylaLopez@gmail.com','1990-12-27','Male','First Year','Computer Science',10101075,NULL),(1961,'Carter','Addison','100076','AddisonCarter@gmail.com','1989-02-22','Female','Third Year','Computer Science',10101076,NULL),(1962,'Cox','Sophie','100077','SophieCox@gmail.com','1990-04-29','Female','Third Year','Computer Science',10101077,NULL),(1963,'Peterson','James','100078','JamesPeterson@gmail.com','1990-09-21','Male','Third Year','Computer Science',10101078,NULL),(1964,'Ross','Oliver','100079','OliverRoss@gmail.com','1991-11-09','Male','Third Year','Computer Science',10101079,NULL),(1965,'Morgan','Sydney','100080','SydneyMorgan@gmail.com','1990-02-11','Female','Third Year','Computer Science',10101080,NULL),(1966,'Martinez','Thomas','100081','ThomasMartinez@gmail.com','1991-10-21','Male','Third Year','Computer Science',10101081,NULL),(1967,'Gonzales','Anna','100082','AnnaGonzales@gmail.com','1991-05-09','Male','Third Year','Computer Science',10101082,NULL),(1968,'Parker','Aria','100083','AriaParker@gmail.com','1991-10-26','Male','Third Year','Computer Science',10101083,NULL),(1969,'Williams','Bella','100084','BellaWilliams@gmail.com','1990-10-19','Male','Third Year','Computer Science',10101084,NULL),(1970,'Long','Isabelle','100085','IsabelleLong@gmail.com','1989-12-23','Female','Third Year','Computer Science',10101085,NULL),(1971,'Jones','Emily','100086','EmilyJones@gmail.com','1991-09-27','Male','Third Year','Computer Science',10101086,NULL),(1972,'Hayes','Jayden','100087','JaydenHayes@gmail.com','1990-08-27','Male','Third Year','Computer Science',10101087,NULL),(1973,'Stewart','Nathan','100088','NathanStewart@gmail.com','1989-11-24','Female','Third Year','Computer Science',10101088,NULL),(1974,'Sanchez','Anna','100089','AnnaSanchez@gmail.com','1991-01-25','Male','Third Year','Computer Science',10101089,NULL),(1975,'Hall','Dominic','100090','DominicHall@gmail.com','1991-08-03','Male','Third Year','Computer Science',10101090,NULL),(1976,'Thomas','Kylie','100091','KylieThomas@gmail.com','1990-01-12','Female','Third Year','Computer Science',10101091,NULL),(1977,'Phillips','Sarah','100092','SarahPhillips@gmail.com','1991-10-14','Male','Third Year','Computer Science',10101092,NULL),(1978,'Gray','Lucy','100093','LucyGray@gmail.com','1990-11-09','Male','Third Year','Computer Science',10101093,NULL),(1979,'Young','Thomas','100094','ThomasYoung@gmail.com','1989-12-30','Female','Third Year','Computer Science',10101094,NULL),(1980,'James','Peyton','100095','PeytonJames@gmail.com','1989-02-07','Female','Third Year','Computer Science',10101095,NULL),(1981,'Flores','Kate','100096','KateFlores@gmail.com','1989-04-08','Female','Third Year','Computer Science',10101096,NULL),(1982,'Walker','Ashlyn','100097','AshlynWalker@gmail.com','1990-02-25','Female','Third Year','Computer Science',10101097,NULL),(1983,'Long','Bella','100098','BellaLong@gmail.com','1990-05-21','Female','Third Year','Computer Science',10101098,NULL),(1984,'Foster','Miles','100099','MilesFoster@gmail.com','1991-09-20','Male','Third Year','Computer Science',10101099,NULL),(1985,'Lewis','Maria','100100','MariaLewis@gmail.com','1989-07-18','Female','Third Year','Computer Science',101010100,NULL),(1986,'King','Aaliyah','100101','AaliyahKing@gmail.com','1991-08-21','Male','Final Year','Computer Science',101010101,NULL),(1987,'Jackson','Nathaniel','100102','NathanielJackson@gmail.com','1990-08-19','Male','Final Year','Computer Science',101010102,NULL),(1988,'Adams','Kennedy','100103','KennedyAdams@gmail.com','1991-11-10','Male','Final Year','Computer Science',101010103,NULL),(1989,'Foster','Jack','100104','JackFoster@gmail.com','1991-03-09','Male','Final Year','Computer Science',101010104,NULL),(1990,'Watson','Grayson','100105','GraysonWatson@gmail.com','1991-07-10','Male','Final Year','Computer Science',101010105,NULL),(1991,'Foster','Isabelle','100106','IsabelleFoster@gmail.com','1990-07-31','Male','Final Year','Computer Science',101010106,NULL),(1992,'Sanchez','Bryce','100107','BryceSanchez@gmail.com','1989-10-23','Female','Final Year','Computer Science',101010107,NULL),(1993,'Campbell','Elizabeth','100108','ElizabethCampbell@gmail.com','1991-06-30','Male','Final Year','Computer Science',101010108,NULL),(1994,'Sanders','Penelope','100109','PenelopeSanders@gmail.com','1989-05-16','Female','Final Year','Computer Science',101010109,NULL),(1995,'Watson','Madelyn','100110','MadelynWatson@gmail.com','1989-01-09','Female','Final Year','Computer Science',101010110,NULL),(1996,'Griffin','Henry','100111','HenryGriffin@gmail.com','1991-07-03','Male','Final Year','Computer Science',101010111,NULL),(1997,'Harris','Maria','100112','MariaHarris@gmail.com','1991-10-06','Male','Final Year','Computer Science',101010112,NULL),(1998,'Adams','Austin','100113','AustinAdams@gmail.com','1989-10-22','Female','Final Year','Computer Science',101010113,NULL),(1999,'Diaz','Kennedy','100114','KennedyDiaz@gmail.com','1989-01-26','Female','Final Year','Computer Science',101010114,NULL),(2000,'Stewart','Jace','100115','JaceStewart@gmail.com','1989-12-11','Female','Final Year','Computer Science',101010115,NULL),(2001,'Brooks','Violet','100116','VioletBrooks@gmail.com','1991-07-17','Male','Final Year','Computer Science',101010116,NULL),(2002,'Perez','Lauren','100117','LaurenPerez@gmail.com','1990-05-02','Female','Final Year','Computer Science',101010117,NULL),(2003,'Richardson','Kate','100118','KateRichardson@gmail.com','1990-08-13','Male','Final Year','Computer Science',101010118,NULL),(2004,'Foster','Jason','100119','JasonFoster@gmail.com','1989-06-28','Female','Final Year','Computer Science',101010119,NULL),(2005,'Roberts','Mason','100120','MasonRoberts@gmail.com','1991-05-21','Male','Final Year','Computer Science',101010120,NULL),(2006,'Green','Hudson','100121','HudsonGreen@gmail.com','1990-06-21','Female','Second Year','Computer Science',101010121,NULL),(2007,'Stewart','Landon','100122','LandonStewart@gmail.com','1991-01-31','Male','Second Year','Computer Science',101010122,NULL),(2008,'Wilson','Mason','100123','MasonWilson@gmail.com','1991-07-22','Male','Second Year','Computer Science',101010123,NULL),(2009,'Taylor','Bryson','100124','BrysonTaylor@gmail.com','1991-11-06','Male','Second Year','Computer Science',101010124,NULL),(2010,'Ramirez','Emily','100125','EmilyRamirez@gmail.com','1990-11-15','Male','Second Year','Computer Science',101010125,NULL),(2011,'Cook','David','100126','DavidCook@gmail.com','1991-10-12','Male','Second Year','Computer Science',101010126,NULL),(2012,'Brown','Jayden','100127','JaydenBrown@gmail.com','1989-12-05','Female','Second Year','Computer Science',101010127,NULL),(2013,'Bennett','Noah','100128','NoahBennett@gmail.com','1990-04-25','Female','Second Year','Computer Science',101010128,NULL),(2014,'Cook','Chloe','100129','ChloeCook@gmail.com','1990-07-16','Male','Second Year','Computer Science',101010129,NULL),(2015,'Patterson','Liliana','100130','LilianaPatterson@gmail.com','1990-09-21','Male','Second Year','Computer Science',101010130,NULL),(2016,'Cox','Riley','100131','RileyCox@gmail.com','1990-12-28','Male','Second Year','Computer Science',101010131,NULL),(2017,'Jackson','Addison','100132','AddisonJackson@gmail.com','1991-12-09','Male','Second Year','Computer Science',101010132,NULL),(2018,'Diaz','Caden','100133','CadenDiaz@gmail.com','1991-01-02','Male','Second Year','Computer Science',101010133,NULL),(2019,'Turner','Lila','100134','LilaTurner@gmail.com','1991-04-25','Male','Second Year','Computer Science',101010134,NULL),(2020,'Hill','Lila','100135','LilaHill@gmail.com','1990-06-23','Female','Second Year','Computer Science',101010135,NULL),(2021,'Gray','Nathan','100136','NathanGray@gmail.com','1990-03-05','Female','Second Year','Computer Science',101010136,NULL),(2022,'Peterson','Layla','100137','LaylaPeterson@gmail.com','1991-06-30','Male','Second Year','Computer Science',101010137,NULL),(2023,'Perez','Brooklyn','100138','BrooklynPerez@gmail.com','1989-08-19','Female','Second Year','Computer Science',101010138,NULL),(2024,'Thompson','Michael','100139','MichaelThompson@gmail.com','1991-04-11','Male','Second Year','Computer Science',101010139,NULL),(2025,'Campbell','Sebastian','100140','SebastianCampbell@gmail.com','1991-05-26','Male','Second Year','Computer Science',101010140,NULL),(2026,'Gray','Blake','100141','BlakeGray@gmail.com','1990-12-06','Male','Second Year','Computer Science',101010141,NULL),(2027,'Johnson','Juliana','100142','JulianaJohnson@gmail.com','1991-02-27','Male','Second Year','Computer Science',101010142,NULL),(2028,'Gonzales','Christian','100143','ChristianGonzales@gmail.com','1989-07-11','Female','Second Year','Computer Science',101010143,NULL),(2029,'Brooks','Kaitlyn','100144','KaitlynBrooks@gmail.com','1991-01-17','Male','Second Year','Computer Science',101010144,NULL),(2030,'Stewart','Elizabeth','100145','ElizabethStewart@gmail.com','1989-01-31','Female','Second Year','Computer Science',101010145,NULL),(2031,'Perry','Oliver','100146','OliverPerry@gmail.com','1990-04-09','Female','Second Year','Computer Science',101010146,NULL),(2032,'Parker','Nevaeh','100147','NevaehParker@gmail.com','1990-12-23','Male','Second Year','Computer Science',101010147,NULL),(2033,'Gonzales','Emily','100148','EmilyGonzales@gmail.com','1990-10-14','Male','Second Year','Computer Science',101010148,NULL),(2034,'Brown','Matthew','100149','MatthewBrown@gmail.com','1989-01-20','Female','Second Year','Computer Science',101010149,NULL),(2035,'Kelly','Levi','100150','LeviKelly@gmail.com','1989-07-24','Female','Second Year','Computer Science',101010150,NULL),(2036,'Scott','Parker','100151','ParkerScott@gmail.com','1990-12-08','Male','Second Year','Computer Science',101010151,NULL),(2037,'Gray','Christopher','100152','ChristopherGray@gmail.com','1991-07-16','Male','Second Year','Computer Science',101010152,NULL),(2038,'Bryant','Jackson','100153','JacksonBryant@gmail.com','1989-11-24','Female','Second Year','Computer Science',101010153,NULL),(2039,'Brooks','Liliana','100154','LilianaBrooks@gmail.com','1989-05-02','Female','Second Year','Computer Science',101010154,NULL),(2040,'Campbell','Katherine','100155','KatherineCampbell@gmail.com','1991-01-28','Male','Second Year','Computer Science',101010155,NULL),(2041,'Campbell','Christian','100156','ChristianCampbell@gmail.com','1989-07-22','Female','Second Year','Computer Science',101010156,NULL),(2042,'Howard','Victoria','100157','VictoriaHoward@gmail.com','1991-01-28','Male','Second Year','Computer Science',101010157,NULL),(2043,'Robinson','Christopher','100158','ChristopherRobinson@gmail.com','1989-01-04','Female','Second Year','Computer Science',101010158,NULL),(2044,'Martinez','Stella','100159','StellaMartinez@gmail.com','1989-04-24','Female','Second Year','Computer Science',101010159,NULL),(2045,'Taylor','Claire','100160','ClaireTaylor@gmail.com','1991-09-29','Male','Second Year','Computer Science',101010160,NULL),(2046,'Griffin','Jason','100161','JasonGriffin@gmail.com','1989-08-26','Female','Second Year','Computer Science',101010161,NULL),(2047,'Moore','Taylor','100162','TaylorMoore@gmail.com','1991-06-30','Male','Second Year','Computer Science',101010162,NULL),(2048,'Brooks','Henry','100163','HenryBrooks@gmail.com','1989-12-15','Female','Second Year','Computer Science',101010163,NULL),(2049,'Harris','Tyler','100164','TylerHarris@gmail.com','1990-08-26','Male','Second Year','Computer Science',101010164,NULL),(2050,'Foster','Justin','100165','JustinFoster@gmail.com','1990-01-12','Female','Second Year','Computer Science',101010165,NULL),(2051,'Howard','Nevaeh','100166','NevaehHoward@gmail.com','1991-07-26','Male','Second Year','Computer Science',101010166,NULL),(2052,'Powell','Adrian','100167','AdrianPowell@gmail.com','1989-10-04','Female','Second Year','Computer Science',101010167,NULL),(2053,'Campbell','Hailey','100168','HaileyCampbell@gmail.com','1990-06-30','Female','Second Year','Computer Science',101010168,NULL),(2054,'Patterson','Oliver','100169','OliverPatterson@gmail.com','1990-08-06','Male','Second Year','Computer Science',101010169,NULL),(2055,'Hill','Penelope','100170','PenelopeHill@gmail.com','1991-10-08','Male','Second Year','Computer Science',101010170,NULL),(2056,'Lopez','Wyatt','100171','WyattLopez@gmail.com','1989-01-18','Female','Second Year','Computer Science',101010171,NULL),(2057,'Brooks','Kendall','100172','KendallBrooks@gmail.com','1989-09-13','Female','Second Year','Computer Science',101010172,NULL),(2058,'Miller','Brayden','100173','BraydenMiller@gmail.com','1991-05-04','Male','Second Year','Computer Science',101010173,NULL),(2059,'Cooper','Sienna','100174','SiennaCooper@gmail.com','1990-02-02','Female','Second Year','Computer Science',101010174,NULL),(2060,'Lewis','Isaiah','100175','IsaiahLewis@gmail.com','1989-06-16','Female','Second Year','Computer Science',101010175,NULL),(2061,'Collins','Peyton','100176','PeytonCollins@gmail.com','1991-04-25','Male','Second Year','Computer Science',101010176,NULL),(2062,'Walker','Sadie','100177','SadieWalker@gmail.com','1990-07-23','Male','Second Year','Computer Science',101010177,NULL),(2063,'Sanchez','Evelyn','100178','EvelynSanchez@gmail.com','1989-07-06','Female','Second Year','Computer Science',101010178,NULL),(2064,'Peterson','Piper','100179','PiperPeterson@gmail.com','1991-10-06','Male','Second Year','Computer Science',101010179,NULL),(2065,'Richardson','Emily','100180','EmilyRichardson@gmail.com','1989-08-09','Female','Second Year','Computer Science',101010180,NULL),(2066,'Sanchez','Alyssa','100181','AlyssaSanchez@gmail.com','1989-10-20','Female','Second Year','Computer Science',101010181,NULL),(2067,'Cooper','Ashlyn','100182','AshlynCooper@gmail.com','1991-02-22','Male','Second Year','Computer Science',101010182,NULL),(2068,'Diaz','Ella','100183','EllaDiaz@gmail.com','1990-04-06','Female','Second Year','Computer Science',101010183,NULL),(2069,'Miller','Thomas','100184','ThomasMiller@gmail.com','1989-12-24','Female','Second Year','Computer Science',101010184,NULL),(2070,'Thomas','David','100185','DavidThomas@gmail.com','1991-10-15','Male','Second Year','Computer Science',101010185,NULL),(2071,'Edwards','Andrew','100186','AndrewEdwards@gmail.com','1991-06-15','Male','Second Year','Computer Science',101010186,NULL),(2072,'Williams','Micah','100187','MicahWilliams@gmail.com','1991-01-16','Male','Second Year','Computer Science',101010187,NULL),(2073,'Bell','Mackenzie','100188','MackenzieBell@gmail.com','1990-09-03','Male','Second Year','Computer Science',101010188,NULL),(2074,'James','Caleb','100189','CalebJames@gmail.com','1989-03-29','Female','Second Year','Computer Science',101010189,NULL),(2075,'Ross','Sienna','100190','SiennaRoss@gmail.com','1989-12-03','Female','Second Year','Computer Science',101010190,NULL),(2076,'Rodriguez','Layla','100191','LaylaRodriguez@gmail.com','1991-02-06','Male','Second Year','Computer Science',101010191,NULL),(2077,'Moore','Lucy','100192','LucyMoore@gmail.com','1991-06-26','Male','Second Year','Computer Science',101010192,NULL),(2078,'Diaz','Blake','100193','BlakeDiaz@gmail.com','1989-04-27','Female','Second Year','Computer Science',101010193,NULL),(2079,'Rivera','Colton','100194','ColtonRivera@gmail.com','1991-07-13','Male','Second Year','Computer Science',101010194,NULL),(2080,'Gonzalez','Colton','100195','ColtonGonzalez@gmail.com','1990-10-01','Male','Second Year','Computer Science',101010195,NULL),(2081,'Parker','Elijah','100196','ElijahParker@gmail.com','1991-06-08','Male','Second Year','Computer Science',101010196,NULL),(2082,'Washington','Charlotte','100197','CharlotteWashington@gmail.com','1990-03-15','Female','Second Year','Computer Science',101010197,NULL),(2083,'Robinson','Isaiah','100198','IsaiahRobinson@gmail.com','1990-11-16','Male','Second Year','Computer Science',101010198,NULL),(2084,'Morris','Aaron','100199','AaronMorris@gmail.com','1990-01-05','Female','Second Year','Computer Science',101010199,NULL),(2085,'Lewis','Noah','100200','NoahLewis@gmail.com','1989-07-09','Female','Second Year','Computer Science',101010200,NULL);
/*!40000 ALTER TABLE `student` ENABLE KEYS */;
UNLOCK TABLES;

--
-- Table structure for table `studentattendance`
--

DROP TABLE IF EXISTS `studentattendance`;
/*!40101 SET @saved_cs_client     = @@character_set_client */;
/*!40101 SET character_set_client = utf8 */;
CREATE TABLE `studentattendance` (
  `StudentAttendanceId` int(11) NOT NULL AUTO_INCREMENT,
  `StudentId` int(6) DEFAULT NULL,
  `ClassId` int(4) DEFAULT NULL,
  `CourseId` varchar(45) DEFAULT NULL,
  `TeachingYear` varchar(45) DEFAULT NULL,
  `Semester` varchar(45) DEFAULT NULL,
  `StayInClassTime` varchar(45) DEFAULT NULL,
  `AttendanceStatus` varchar(45) DEFAULT 'Absent',
  PRIMARY KEY (`StudentAttendanceId`)
) ENGINE=InnoDB AUTO_INCREMENT=90201 DEFAULT CHARSET=utf8;
/*!40101 SET character_set_client = @saved_cs_client */;

--
-- Dumping data for table `studentattendance`
--

LOCK TABLES `studentattendance` WRITE;
/*!40000 ALTER TABLE `studentattendance` DISABLE KEYS */;
INSERT INTO `studentattendance` VALUES (90180,1676,65,'3','2013/2014','Ⅰ','01:05:15/02:00:00','Incomplete'),(90181,1678,65,'3','2013/2014','Ⅰ','02:01:07/02:00:00','Attend'),(90182,1679,65,'3','2013/2014','Ⅰ','02:01:09/02:00:00','Attend'),(90183,1680,65,'3','2013/2014','Ⅰ','00:00:00/02:00:00','Absent'),(90184,1683,65,'3','2013/2014','Ⅰ','01:58:18/02:00:00','Attend'),(90185,1884,65,'3','2013/2014','Ⅰ','00:58:21/02:00:00','Incomplete'),(90186,1885,65,'3','2013/2014','Ⅰ','00:00:00/02:00:00','Absent'),(90187,1676,66,'3','2013/2014','Ⅰ','00:00:00/00:50:00','Absent'),(90188,1678,66,'3','2013/2014','Ⅰ','00:49:36/00:50:00','Incomplete'),(90189,1679,66,'3','2013/2014','Ⅰ','00:52:19/00:50:00','Attend'),(90190,1680,66,'3','2013/2014','Ⅰ','00:50:03/00:50:00','Incomplete'),(90191,1683,66,'3','2013/2014','Ⅰ','00:11:07/00:50:00','Incomplete'),(90192,1884,66,'3','2013/2014','Ⅰ','00:49:46/00:50:00','Incomplete'),(90193,1885,66,'3','2013/2014','Ⅰ','00:00:00/00:50:00','Absent'),(90194,1676,67,'3','2013/2014','Ⅰ','00:00:00/00:50:00','Absent'),(90195,1678,67,'3','2013/2014','Ⅰ','00:52:25/00:50:00','Attend'),(90196,1679,67,'3','2013/2014','Ⅰ','00:52:02/00:50:00','Attend'),(90197,1680,67,'3','2013/2014','Ⅰ','00:52:30/00:50:00','Attend'),(90198,1683,67,'3','2013/2014','Ⅰ','00:51:40/00:50:00','Attend'),(90199,1884,67,'3','2013/2014','Ⅰ','00:52:29/00:50:00','Attend'),(90200,1885,67,'3','2013/2014','Ⅰ','00:00:00/00:50:00','Absent');
/*!40000 ALTER TABLE `studentattendance` ENABLE KEYS */;
UNLOCK TABLES;

--
-- Table structure for table `userinfo`
--

DROP TABLE IF EXISTS `userinfo`;
/*!40101 SET @saved_cs_client     = @@character_set_client */;
/*!40101 SET character_set_client = utf8 */;
CREATE TABLE `userinfo` (
  `UserId` int(3) NOT NULL AUTO_INCREMENT,
  `UserNumber` varchar(45) DEFAULT NULL,
  `UserName` varchar(45) DEFAULT NULL,
  `Password` varchar(45) DEFAULT NULL,
  `UserType` varchar(45) DEFAULT NULL,
  `RegisterTime` datetime DEFAULT NULL,
  PRIMARY KEY (`UserId`)
) ENGINE=InnoDB AUTO_INCREMENT=2234 DEFAULT CHARSET=utf8;
/*!40101 SET character_set_client = @saved_cs_client */;

--
-- Dumping data for table `userinfo`
--

LOCK TABLES `userinfo` WRITE;
/*!40000 ALTER TABLE `userinfo` DISABLE KEYS */;
INSERT INTO `userinfo` VALUES (3,'109578','zhimeng1991@gmail.com','2e8dd1a9a0fa42aad9cfdca6322d6533','Administrator','2014-02-01 22:22:22'),(1820,'109579','wilsonlee@gmail.com','ce9ef897943ac31393ae534871d9ac4e','Student','2014-03-27 09:26:30'),(1822,'109681','harristong@gmail.com','7a0e4301b8a1a65f90b381f92f53dfb9','Student','2014-03-27 09:28:42'),(1823,'109582','halltang@gmail.com','581baad7ad076179c15ccb316967b664','Student','2014-03-27 09:29:37'),(1824,'109583','robertswong@gmail.com','8d07f0469e10c6a2d139e8fedfd4d5c5','Student','2014-03-27 09:30:15'),(1827,'109999','503763316@qq.com','2e8dd1a9a0fa42aad9cfdca6322d6533','Student','2014-05-15 10:40:53'),(1831,'8888888','zhimeng1991@hotmail.com','2e8dd1a9a0fa42aad9cfdca6322d6533','Lecturer','2014-05-05 00:00:00'),(2032,'107594','yanshen@gmail.com','ec453a5daf4509c617d37c3c7ab4d990','Student','2014-05-15 11:41:52'),(2033,'5555555','wongkhang@gmai.com','992e63080ee1e47b99f42b8d64ede953','Lecturer','2014-05-22 11:09:59'),(2034,NULL,'LoganSanders@gmail.com','e2a6a1ace352668000aed191a817d143','Student','2014-05-22 11:31:22'),(2035,NULL,'JackWard@gmail.com','bb36c34eb6644ab9694315af7d68e629','Student','2014-05-22 11:31:22'),(2036,NULL,'IsaacAnderson@gmail.com','3dc81e3f2c523fb5955761bbe2d150f2','Student','2014-05-22 11:31:23'),(2037,NULL,'SophiaBell@gmail.com','1ea85063355fbfad3de73ab038261d62','Student','2014-05-22 11:31:23'),(2038,NULL,'NatalieBrooks@gmail.com','efd1a2f9b0b5f14b1fac70a7f8e8a9e7','Student','2014-05-22 11:31:23'),(2039,NULL,'IsabelleRoss@gmail.com','758691fdf7ae3403db0d3bd8ac3ad585','Student','2014-05-22 11:31:23'),(2040,NULL,'BrysonStewart@gmail.com','9e3fc2a6d0f45c7a999ab01ebcacaf94','Student','2014-05-22 11:31:23'),(2041,NULL,'HenryStewart@gmail.com','ab24c2fe5b396a574095a73b1ad23356','Student','2014-05-22 11:31:23'),(2042,NULL,'ZacharyGray@gmail.com','795202367b2120e77b231d4d2b98e2b9','Student','2014-05-22 11:31:23'),(2043,NULL,'SarahAllen@gmail.com','daa28096f9e8879ab3a02b90aa0e2f83','Student','2014-05-22 11:31:23'),(2044,NULL,'CharlieCook@gmail.com','09a146c8d1cfdbdb54ceb60ede93cdab','Student','2014-05-22 11:31:23'),(2045,NULL,'TylerRichardson@gmail.com','21bf043d935e1499b3749c2f483df890','Student','2014-05-22 11:31:23'),(2046,NULL,'BaileyTaylor@gmail.com','33932d50e450ef3ccfbcf69ac9ba04e5','Student','2014-05-22 11:31:23'),(2047,NULL,'SophieEdwards@gmail.com','a3c3a95f3e42519d7ba5284cffcd4e25','Student','2014-05-22 11:31:23'),(2048,NULL,'SophiaJames@gmail.com','e025b5159bba8890d4f936973d0bcb2f','Student','2014-05-22 11:31:23'),(2049,NULL,'AlexandraRamirez@gmail.com','89deb442ec0592fb5fc8b4908cbf1580','Student','2014-05-22 11:31:24'),(2050,NULL,'LeahHenderson@gmail.com','07986d41d4c01c67d4b91cdcf10cb777','Student','2014-05-22 11:31:24'),(2051,NULL,'AriaPowell@gmail.com','1be1ef5ef17c532b377b5238c07adf78','Student','2014-05-22 11:31:24'),(2052,NULL,'OliviaGray@gmail.com','8a8eac8eaeca4d75f0cafc20319c06af','Student','2014-05-22 11:31:24'),(2053,NULL,'RyanLong@gmail.com','6372b5b816b700cbb03a54c7859c416c','Student','2014-05-22 11:31:24'),(2054,NULL,'PenelopeHughes@gmail.com','10e54ab2f0c23c9be1e5e5c20e8b1d8b','Student','2014-05-22 11:31:24'),(2055,NULL,'AdamSanders@gmail.com','70314ca6c279ed0aa1d108f91c088ca5','Student','2014-05-22 11:31:24'),(2056,NULL,'LaurenMorris@gmail.com','65feb6b8c9726133b18ac2f2ac26e8bc','Student','2014-05-22 11:31:24'),(2057,NULL,'NicholasCook@gmail.com','a6b83cd033881e4b7e0ade6add26a17b','Student','2014-05-22 11:31:24'),(2058,NULL,'EvelynAdams@gmail.com','e55a28b1bf2a323456ea0b7e759d6108','Student','2014-05-22 11:31:24'),(2059,NULL,'DavidHernandez@gmail.com','808d45ab3ba50fe7576f6974f18244d3','Student','2014-05-22 11:31:24'),(2060,NULL,'IsabellaLewis@gmail.com','f9a595bbc8de0c52cd25e6ad538533db','Student','2014-05-22 11:31:24'),(2061,NULL,'MaxLong@gmail.com','5a09496f31a51dc9d90b26b31b05cc18','Student','2014-05-22 11:31:24'),(2062,NULL,'ColeWatson@gmail.com','fa8c4b591e0a26f05d1e7d00c648d8f1','Student','2014-05-22 11:31:24'),(2063,NULL,'WilliamLopez@gmail.com','9d0bea2cbb6504b5a6ec324dfbdb9446','Student','2014-05-22 11:31:24'),(2064,NULL,'ChloeLong@gmail.com','c7a8558c636911c0f3135e6fe4b3e424','Student','2014-05-22 11:31:24'),(2065,NULL,'AsherFoster@gmail.com','d1e6b7d3d1695683eb7bf015aea933c2','Student','2014-05-22 11:31:24'),(2066,NULL,'AriannaMartin@gmail.com','3695266895778ec94412111ae375fde7','Student','2014-05-22 11:31:24'),(2067,NULL,'IsaacKelly@gmail.com','fc991ffed01719c08a35acb5feafa27a','Student','2014-05-22 11:31:24'),(2068,NULL,'ClaireKelly@gmail.com','840510458f47713fc5869041dbdcedb7','Student','2014-05-22 11:31:24'),(2069,NULL,'KateWard@gmail.com','e6272e71eecac9505731fb3b0faf2176','Student','2014-05-22 11:31:25'),(2070,NULL,'CharlotteTaylor@gmail.com','f90f6e6291a1743bc2414550893d6d19','Student','2014-05-22 11:31:25'),(2071,NULL,'ZacharyJenkins@gmail.com','f7aac76dc76d637ced6c13d13c5104b2','Student','2014-05-22 11:31:25'),(2072,NULL,'AudreyHughes@gmail.com','898867bb859ff5358ce49eb9c7082dbf','Student','2014-05-22 11:31:25'),(2073,NULL,'BryceJones@gmail.com','ee9604ba4c996ae029a0a8ab3c8479be','Student','2014-05-22 11:31:25'),(2074,NULL,'JoshuaYoung@gmail.com','2dce5a845de2a6bc5068e047314c1635','Student','2014-05-22 11:31:25'),(2075,NULL,'JackSanders@gmail.com','b7704798a346913d881a8a10ae7d12bf','Student','2014-05-22 11:31:25'),(2076,NULL,'HadleyThomas@gmail.com','1ff2499a84a99fdcb7c835b8e5280a34','Student','2014-05-22 11:31:25'),(2077,NULL,'JackRichardson@gmail.com','abaa211768217a3541374dc5eb74c72c','Student','2014-05-22 11:31:25'),(2078,NULL,'NicholasSanders@gmail.com','37d0f121db69fd09f364df89e4405e31','Student','2014-05-22 11:31:25'),(2079,NULL,'RileyJames@gmail.com','019009b3dba521659466e53ec350163d','Student','2014-05-22 11:31:25'),(2080,NULL,'ParkerSimmons@gmail.com','b805e08566288d0105f6f79297d1bf84','Student','2014-05-22 11:31:25'),(2081,NULL,'LiamMurphy@gmail.com','ad5c9b084e2c5e78c9f6bbe6fd57b7da','Student','2014-05-22 11:31:25'),(2082,NULL,'DanielButler@gmail.com','e71c080c44a16d70d835ca6af25c0d90','Student','2014-05-22 11:31:25'),(2083,NULL,'AndrewPowell@gmail.com','8c85abec94fdc856884df63afc5c5fef','Student','2014-05-22 11:31:25'),(2084,NULL,'CalebParker@gmail.com','3898b7be8009532088697f0b7fb2990f','Student','2014-05-22 11:31:25'),(2085,NULL,'DylanPrice@gmail.com','3de74f78d82c374f9edd8dc7f3b126ed','Student','2014-05-22 11:31:25'),(2086,NULL,'JulianSanchez@gmail.com','3e88b8a07fa57531aae70ee3cce4a1ba','Student','2014-05-22 11:31:25'),(2087,NULL,'ChristopherThompson@gmail.com','74559ea27870b992ed5352a9d988e382','Student','2014-05-22 11:31:25'),(2088,NULL,'IsabelleTurner@gmail.com','25faa4a9fbf4c53b3767334596e8c6e3','Student','2014-05-22 11:31:25'),(2089,NULL,'SadieHoward@gmail.com','520b85931c398fb2b990311002b2a902','Student','2014-05-22 11:31:26'),(2090,NULL,'AaronLopez@gmail.com','9086cb7d92b4e9f49ccfde13a087475d','Student','2014-05-22 11:31:26'),(2091,NULL,'MasonFlores@gmail.com','ed1eebd76bced8c9c69dcc89065c17e6','Student','2014-05-22 11:31:26'),(2092,NULL,'BraydenWright@gmail.com','3cdf52a2019f03044fbe1320eb9a1a8a','Student','2014-05-22 11:31:26'),(2093,NULL,'OliverEdwards@gmail.com','ff83098b47dbdebce013ccb75d9b72e5','Student','2014-05-22 11:31:26'),(2094,NULL,'GabrielLee@gmail.com','4fce032e148144799503a63de95c46dc','Student','2014-05-22 11:31:26'),(2095,NULL,'NoraRoss@gmail.com','90bb643aaaaf6a07b68d3cda4841bd2a','Student','2014-05-22 11:31:26'),(2096,NULL,'NoraAdams@gmail.com','871841b1fe24082f84495949a8cf9b22','Student','2014-05-22 11:31:26'),(2097,NULL,'AllisonCarter@gmail.com','5e64b782c0b128a8bbe8e8496712ad92','Student','2014-05-22 11:31:26'),(2098,NULL,'NathanielKelly@gmail.com','d6afcb968497838ee04b7f9293290ab5','Student','2014-05-22 11:31:26'),(2099,NULL,'ClaireMoore@gmail.com','f95c80f4c3742fa972af22836aa6b296','Student','2014-05-22 11:31:26'),(2100,NULL,'MicahBailey@gmail.com','acf9a6e48ef3a51ba351711eaff15f17','Student','2014-05-22 11:31:26'),(2101,NULL,'OliviaPowell@gmail.com','1a1372191a631ef9680021650fb1e468','Student','2014-05-22 11:31:26'),(2102,NULL,'ChloeWilson@gmail.com','5f5c15f5bb77f02f6a19c38d16918799','Student','2014-05-22 11:31:26'),(2103,NULL,'SebastianTorres@gmail.com','ee3bbef5592bed79ec82b11d78038df5','Student','2014-05-22 11:31:26'),(2104,NULL,'ColinLewis@gmail.com','e1fa867927c483af731a279fee3284e7','Student','2014-05-22 11:31:26'),(2105,NULL,'WilliamColeman@gmail.com','295193214080af8c41ede9c9526a423d','Student','2014-05-22 11:31:26'),(2106,NULL,'JacobScott@gmail.com','1bcf5760f8f587711c2db711e30af94f','Student','2014-05-22 11:31:26'),(2107,NULL,'LandonAnderson@gmail.com','6c10dd9d9883013d8b7573ae5431099d','Student','2014-05-22 11:31:26'),(2108,NULL,'LaylaLopez@gmail.com','cf8aee46a3f1cc6e982f1cf1a8acb3c9','Student','2014-05-22 11:31:26'),(2109,NULL,'AddisonCarter@gmail.com','e7ebbcd1e0bc8d689824a6b853f296e7','Student','2014-05-22 11:31:26'),(2110,NULL,'SophieCox@gmail.com','57d486b8f41e52b4de4561af04afaa41','Student','2014-05-22 11:31:26'),(2111,NULL,'JamesPeterson@gmail.com','6206c4599e7307ee821dee4e416871ee','Student','2014-05-22 11:31:27'),(2112,NULL,'OliverRoss@gmail.com','07e9e954d6a416ad9239d4f83e266cb0','Student','2014-05-22 11:31:27'),(2113,NULL,'SydneyMorgan@gmail.com','423b99d83c5a19652085c2a6785c3ec3','Student','2014-05-22 11:31:27'),(2114,NULL,'ThomasMartinez@gmail.com','cdda101035997acfaa6fdf17097f52b2','Student','2014-05-22 11:31:27'),(2115,NULL,'AnnaGonzales@gmail.com','ef5f18ea2659e8dc4f0281f584766c97','Student','2014-05-22 11:31:27'),(2116,NULL,'AriaParker@gmail.com','8efafd67139dd226382a0b20d1790e33','Student','2014-05-22 11:31:27'),(2117,NULL,'BellaWilliams@gmail.com','37a2ad72a046db94e0a7e86e18e39bd8','Student','2014-05-22 11:31:27'),(2118,NULL,'IsabelleLong@gmail.com','4159b62fd591882bb9cf026c6b7e9870','Student','2014-05-22 11:31:27'),(2119,NULL,'EmilyJones@gmail.com','07aa91ac1cec23a080b4a394dc52e183','Student','2014-05-22 11:31:27'),(2120,NULL,'JaydenHayes@gmail.com','db33e0e39e523f2fa0c3900f47181128','Student','2014-05-22 11:31:27'),(2121,NULL,'NathanStewart@gmail.com','de8700d4f1a72631702e3f067dabf0b2','Student','2014-05-22 11:31:27'),(2122,NULL,'AnnaSanchez@gmail.com','3f00af8ffd28cc6c984d9e9a9c43751f','Student','2014-05-22 11:31:27'),(2123,NULL,'DominicHall@gmail.com','7f454b59ac8211c9a9be3dd0fae52948','Student','2014-05-22 11:31:27'),(2124,NULL,'KylieThomas@gmail.com','9f68a1cb322c884b3e858b4c59c0b494','Student','2014-05-22 11:31:27'),(2125,NULL,'SarahPhillips@gmail.com','a5f1ee1d370d4d461a70580df446d61f','Student','2014-05-22 11:31:27'),(2126,NULL,'LucyGray@gmail.com','2eb7ea88b49a296a7169b1aba200da72','Student','2014-05-22 11:31:27'),(2127,NULL,'ThomasYoung@gmail.com','03ab17ab1b821248cfc2cbf5b084b589','Student','2014-05-22 11:31:27'),(2128,NULL,'PeytonJames@gmail.com','7f21a741edb74abad6a330ec65a380c1','Student','2014-05-22 11:31:27'),(2129,NULL,'KateFlores@gmail.com','e50168ccb0c9060416313e07ea90db02','Student','2014-05-22 11:31:27'),(2130,NULL,'AshlynWalker@gmail.com','8f1be10f4914d2bcf38330bda14dd67f','Student','2014-05-22 11:31:27'),(2131,NULL,'BellaLong@gmail.com','ae28d7ff321b400906294e40759e578a','Student','2014-05-22 11:31:27'),(2132,NULL,'MilesFoster@gmail.com','d6c30eaad7c49ab76ae60b523eee0020','Student','2014-05-22 11:31:27'),(2133,NULL,'MariaLewis@gmail.com','b9c93fbdfd2a30504e05d3b0b32307da','Student','2014-05-22 11:31:28'),(2134,NULL,'AaliyahKing@gmail.com','732e276ec85f14e663faef225d06612c','Student','2014-05-22 11:31:28'),(2135,NULL,'NathanielJackson@gmail.com','54ebda338d716822a078aff56186feb6','Student','2014-05-22 11:31:28'),(2136,NULL,'KennedyAdams@gmail.com','9ae26ff44c264acff8eab84ba2950d57','Student','2014-05-22 11:31:28'),(2137,NULL,'JackFoster@gmail.com','72984ef85cbebaaebafca8a0492b9dc4','Student','2014-05-22 11:31:28'),(2138,NULL,'GraysonWatson@gmail.com','123faaaa42b5d902e8873b4b91a21acf','Student','2014-05-22 11:31:28'),(2139,NULL,'IsabelleFoster@gmail.com','207239975ffa605b92e0312d3cbc9e7b','Student','2014-05-22 11:31:28'),(2140,NULL,'BryceSanchez@gmail.com','e69097620706baef0ab8fe7e4cf3f019','Student','2014-05-22 11:31:28'),(2141,NULL,'ElizabethCampbell@gmail.com','0292f9ba6f4dffff4e4c4bf66328163a','Student','2014-05-22 11:31:28'),(2142,NULL,'PenelopeSanders@gmail.com','7e02bfbd51cc4b43f4e3fca06284ca85','Student','2014-05-22 11:31:28'),(2143,NULL,'MadelynWatson@gmail.com','c097dd6de04c016a247b324a2c1c1a49','Student','2014-05-22 11:31:28'),(2144,NULL,'HenryGriffin@gmail.com','261c19dfc27dc09f892a460947bf4940','Student','2014-05-22 11:31:28'),(2145,NULL,'MariaHarris@gmail.com','9e76bff2cbb88a14c5711bbc2b30edaa','Student','2014-05-22 11:31:28'),(2146,NULL,'AustinAdams@gmail.com','d6b0ba2b1ef7a2ab8154a524b662c2a8','Student','2014-05-22 11:31:28'),(2147,NULL,'KennedyDiaz@gmail.com','762e2a4a6be81459cc4c697f291d65b7','Student','2014-05-22 11:31:28'),(2148,NULL,'JaceStewart@gmail.com','d288c47eb8c5d6caa52c08be7b116e78','Student','2014-05-22 11:31:28'),(2149,NULL,'VioletBrooks@gmail.com','fbcd2a15a3b6fea360359a1ecadfaf9d','Student','2014-05-22 11:31:28'),(2150,NULL,'LaurenPerez@gmail.com','0dae14a9f1acf675dee1396767aaccdc','Student','2014-05-22 11:31:28'),(2151,NULL,'KateRichardson@gmail.com','06268af161f8c2ff4d6af6d8877ea832','Student','2014-05-22 11:31:28'),(2152,NULL,'JasonFoster@gmail.com','febfa0e1f5030ced4d19cadf64d21d5a','Student','2014-05-22 11:31:28'),(2153,NULL,'MasonRoberts@gmail.com','be7eb3f6fdca3ee99b77d8aeac5ed216','Student','2014-05-22 11:31:28'),(2154,NULL,'HudsonGreen@gmail.com','23567a7ad2eb704c1d3818c983c1f97f','Student','2014-05-22 11:31:28'),(2155,NULL,'LandonStewart@gmail.com','09169005f7eb059dd763d071a44a6dfa','Student','2014-05-22 11:31:28'),(2156,NULL,'MasonWilson@gmail.com','4f2d3942f447b695f39e6fee69f7a232','Student','2014-05-22 11:31:29'),(2157,NULL,'BrysonTaylor@gmail.com','854c15a2cc21bff1f098562c965f9af5','Student','2014-05-22 11:31:29'),(2158,NULL,'EmilyRamirez@gmail.com','4e18d87efd9065c06004a13b27b4fed8','Student','2014-05-22 11:31:29'),(2159,NULL,'DavidCook@gmail.com','939be06b51776c0a5974c1a32308644c','Student','2014-05-22 11:31:29'),(2160,NULL,'JaydenBrown@gmail.com','a017d7d673fb1d4a346dbcbe3b10bdb7','Student','2014-05-22 11:31:29'),(2161,NULL,'NoahBennett@gmail.com','83fddfd0b861c865446ab1f4bba362d6','Student','2014-05-22 11:31:29'),(2162,NULL,'ChloeCook@gmail.com','ad069bc6231ced876b0312157cd76c48','Student','2014-05-22 11:31:29'),(2163,NULL,'LilianaPatterson@gmail.com','c735e572d2c8e78dea15dbafe828cfdd','Student','2014-05-22 11:31:29'),(2164,NULL,'RileyCox@gmail.com','47508d70e38e04b305bc11c706fc6802','Student','2014-05-22 11:31:29'),(2165,NULL,'AddisonJackson@gmail.com','76044e9f00574d8a76bab57b15f036a7','Student','2014-05-22 11:31:29'),(2166,NULL,'CadenDiaz@gmail.com','1a932f9d9155eb85d9bdef3424aa97d0','Student','2014-05-22 11:31:29'),(2167,NULL,'LilaTurner@gmail.com','1ed1deb70cdddffa41ee3f4cdb5d94fb','Student','2014-05-22 11:31:29'),(2168,NULL,'LilaHill@gmail.com','7e0f69ef2eb6e17a79c7ac366f22a05c','Student','2014-05-22 11:31:29'),(2169,NULL,'NathanGray@gmail.com','9dbf2f9d9ffff65b07d6848830291ca3','Student','2014-05-22 11:31:29'),(2170,NULL,'LaylaPeterson@gmail.com','8b629967d27bf8e6dc6eeab5bab3bb1a','Student','2014-05-22 11:31:29'),(2171,NULL,'BrooklynPerez@gmail.com','8cf8af9aa00f1828a34304f2b263fd18','Student','2014-05-22 11:31:29'),(2172,NULL,'MichaelThompson@gmail.com','c4455b885b715e116b19468f598f6319','Student','2014-05-22 11:31:29'),(2173,NULL,'SebastianCampbell@gmail.com','883a2921dab65f33daf63173db8a5f4c','Student','2014-05-22 11:31:29'),(2174,NULL,'BlakeGray@gmail.com','15343cb35e118cde045802809102ae68','Student','2014-05-22 11:31:29'),(2175,NULL,'JulianaJohnson@gmail.com','74a2b47e177ae6031c66f808a2b56709','Student','2014-05-22 11:31:29'),(2176,NULL,'ChristianGonzales@gmail.com','edfdd5c7508015607d0feb7b5dc89095','Student','2014-05-22 11:31:29'),(2177,NULL,'KaitlynBrooks@gmail.com','c22aefc0c33e2c7326f48bef5cab5f73','Student','2014-05-22 11:31:29'),(2178,NULL,'ElizabethStewart@gmail.com','ccd01d2a6518cc47fcb236650258966b','Student','2014-05-22 11:31:30'),(2179,NULL,'OliverPerry@gmail.com','a736bcf18f3eaf44391cd6bbab5feb0f','Student','2014-05-22 11:31:30'),(2180,NULL,'NevaehParker@gmail.com','1fd5bb84f48557380bd4024964e4645d','Student','2014-05-22 11:31:30'),(2181,NULL,'EmilyGonzales@gmail.com','ad47273a7f9689c7782ee76d5d20202a','Student','2014-05-22 11:31:30'),(2182,NULL,'MatthewBrown@gmail.com','cd7e6a1f1ebcacf3bea0fd2ebebc8275','Student','2014-05-22 11:31:30'),(2183,NULL,'LeviKelly@gmail.com','1c6a8424f0b464198760bc658d5b9a94','Student','2014-05-22 11:31:30'),(2184,NULL,'ParkerScott@gmail.com','df114e46aae019fde8f81ff8a34c3c7d','Student','2014-05-22 11:31:30'),(2185,NULL,'ChristopherGray@gmail.com','18cd17cadbb6ae50f45d48d67f0212d0','Student','2014-05-22 11:31:30'),(2186,NULL,'JacksonBryant@gmail.com','966fbc7903cd1716d92bfe9398a4e794','Student','2014-05-22 11:31:30'),(2187,NULL,'LilianaBrooks@gmail.com','098132b1644a8c2537416fe7e8877f84','Student','2014-05-22 11:31:30'),(2188,NULL,'KatherineCampbell@gmail.com','fe177cf1988f9447efe921a156f9ca87','Student','2014-05-22 11:31:30'),(2189,NULL,'ChristianCampbell@gmail.com','7cf8d5b2bafa3bd7fb4ea254febf6308','Student','2014-05-22 11:31:30'),(2190,NULL,'VictoriaHoward@gmail.com','f27eb29a2fc026bbd53864bd1d23c0c1','Student','2014-05-22 11:31:30'),(2191,NULL,'ChristopherRobinson@gmail.com','aea0f2fd37d5aac68c8d620a86fe795f','Student','2014-05-22 11:31:30'),(2192,NULL,'StellaMartinez@gmail.com','72afd0c6a1125025619ae0f1e9feb00d','Student','2014-05-22 11:31:30'),(2193,NULL,'ClaireTaylor@gmail.com','70bf89b6babed48f4117f612085c1c93','Student','2014-05-22 11:31:30'),(2194,NULL,'JasonGriffin@gmail.com','aa5680f4bd0603c17024bab871152aed','Student','2014-05-22 11:31:30'),(2195,NULL,'TaylorMoore@gmail.com','7d9607fa0824eac02366b9a81aaa643d','Student','2014-05-22 11:31:30'),(2196,NULL,'HenryBrooks@gmail.com','6a158d6a15a681b2ca33333d34b2e70a','Student','2014-05-22 11:31:30'),(2197,NULL,'TylerHarris@gmail.com','1f3c355208c0d38e3a37ae1dc549e9d6','Student','2014-05-22 11:31:30'),(2198,NULL,'JustinFoster@gmail.com','ddd2b4ee164ea2f43274094eb153ff84','Student','2014-05-22 11:31:30'),(2199,NULL,'NevaehHoward@gmail.com','84b3a23db045a21e8690bc3ecadf1751','Student','2014-05-22 11:31:31'),(2200,NULL,'AdrianPowell@gmail.com','139e69afc5fd646f492efde2b6935c3d','Student','2014-05-22 11:31:31'),(2201,NULL,'HaileyCampbell@gmail.com','285cd35bfafb6d17447ec9981e3112db','Student','2014-05-22 11:31:31'),(2202,NULL,'OliverPatterson@gmail.com','d123a7a95ba0bcec6e6be6ba4e1c3f01','Student','2014-05-22 11:31:31'),(2203,NULL,'PenelopeHill@gmail.com','609c9e7597d24cf16cffe04cd9c788d6','Student','2014-05-22 11:31:31'),(2204,NULL,'WyattLopez@gmail.com','6565f24dc36a0352d432304a25719dbe','Student','2014-05-22 11:31:31'),(2205,NULL,'KendallBrooks@gmail.com','3029c67181614a0f48d916a1d91eef50','Student','2014-05-22 11:31:31'),(2206,NULL,'BraydenMiller@gmail.com','80915b433524ae42b9a918cfdfcafba9','Student','2014-05-22 11:31:31'),(2207,NULL,'SiennaCooper@gmail.com','b246fc3b99ffebc7c36e7d5292b183cf','Student','2014-05-22 11:31:31'),(2208,NULL,'IsaiahLewis@gmail.com','00f44b397edee211e3f7a7219592b5cf','Student','2014-05-22 11:31:31'),(2209,NULL,'PeytonCollins@gmail.com','47a80d16b1820411a696bb964d687455','Student','2014-05-22 11:31:31'),(2210,NULL,'SadieWalker@gmail.com','adc747c448a8d8e762d9d77ea1784e3a','Student','2014-05-22 11:31:31'),(2211,NULL,'EvelynSanchez@gmail.com','9d433c3f645666d0887e2750ea8f48f0','Student','2014-05-22 11:31:31'),(2212,NULL,'PiperPeterson@gmail.com','8c0b575c962a206daf396d095882bca5','Student','2014-05-22 11:31:31'),(2213,NULL,'EmilyRichardson@gmail.com','8b39ea6d6dd71922fe5a71527c0c2291','Student','2014-05-22 11:31:31'),(2214,NULL,'AlyssaSanchez@gmail.com','af07d431b34fd5db7585e38726c1f4aa','Student','2014-05-22 11:31:31'),(2215,NULL,'AshlynCooper@gmail.com','841d78b1dc1223a9c50be92d0dd8d03f','Student','2014-05-22 11:31:31'),(2216,NULL,'EllaDiaz@gmail.com','4268c5ec215848ec3874c1c6f9455faf','Student','2014-05-22 11:31:31'),(2217,NULL,'ThomasMiller@gmail.com','9bce8b9c80f4fb897d930c18e99d1002','Student','2014-05-22 11:31:31'),(2218,NULL,'DavidThomas@gmail.com','faf0310882ff8317cc3dcd63ad475882','Student','2014-05-22 11:31:31'),(2219,NULL,'AndrewEdwards@gmail.com','5fd492776826631da3e2ef8ce0c115d1','Student','2014-05-22 11:31:32'),(2220,NULL,'MicahWilliams@gmail.com','82359a931cad4216d2c26928d1601427','Student','2014-05-22 11:31:32'),(2221,NULL,'MackenzieBell@gmail.com','db78f3188c14e75fdda698c6e319c51b','Student','2014-05-22 11:31:32'),(2222,NULL,'CalebJames@gmail.com','41fcae5b340e86bfc3ba088f9f29a8b7','Student','2014-05-22 11:31:32'),(2223,NULL,'SiennaRoss@gmail.com','65eb70244bf497694994ba5569ff7a04','Student','2014-05-22 11:31:32'),(2224,NULL,'LaylaRodriguez@gmail.com','a6511eab2d137759fc73033f3367c5dd','Student','2014-05-22 11:31:32'),(2225,NULL,'LucyMoore@gmail.com','88a17ceb5a8401c33bfe808784842ef7','Student','2014-05-22 11:31:32'),(2226,NULL,'BlakeDiaz@gmail.com','22ebf51b933712766b8809c933c177b7','Student','2014-05-22 11:31:32'),(2227,NULL,'ColtonRivera@gmail.com','cf515ed8de74d0367093fad078d5b947','Student','2014-05-22 11:31:32'),(2228,NULL,'ColtonGonzalez@gmail.com','91226848a6fa7bf8a47193d771de9306','Student','2014-05-22 11:31:32'),(2229,NULL,'ElijahParker@gmail.com','701a79c08de6191e12493b4498fa35aa','Student','2014-05-22 11:31:32'),(2230,NULL,'CharlotteWashington@gmail.com','5a9e26464eebc97cc1c491728bf4883f','Student','2014-05-22 11:31:32'),(2231,NULL,'IsaiahRobinson@gmail.com','f8976d7778c70a12a6ab8d82a3a1e706','Student','2014-05-22 11:31:32'),(2232,NULL,'AaronMorris@gmail.com','ff1a4f97d6927a2cceacc68d02b7d78d','Student','2014-05-22 11:31:32'),(2233,NULL,'NoahLewis@gmail.com','33814acc0b112f9c4a7d49a407321729','Student','2014-05-22 11:31:32');
/*!40000 ALTER TABLE `userinfo` ENABLE KEYS */;
UNLOCK TABLES;
/*!40103 SET TIME_ZONE=@OLD_TIME_ZONE */;

/*!40101 SET SQL_MODE=@OLD_SQL_MODE */;
/*!40014 SET FOREIGN_KEY_CHECKS=@OLD_FOREIGN_KEY_CHECKS */;
/*!40014 SET UNIQUE_CHECKS=@OLD_UNIQUE_CHECKS */;
/*!40101 SET CHARACTER_SET_CLIENT=@OLD_CHARACTER_SET_CLIENT */;
/*!40101 SET CHARACTER_SET_RESULTS=@OLD_CHARACTER_SET_RESULTS */;
/*!40101 SET COLLATION_CONNECTION=@OLD_COLLATION_CONNECTION */;
/*!40111 SET SQL_NOTES=@OLD_SQL_NOTES */;

-- Dump completed on 2014-06-07 16:51:25
